UID:3125124,﻿Name:HERR B,﻿Verification:432151
﻿id,Time,Trade Type,Instrument,Type,Amount,Unit,PL,Fee,Position Change,Position Balance,Balance Change,Balance,Unit
﻿123895319257231,2022-06-13 15:00:00,Spot,APE-USDT,Sell,5.23829500,APE,0E-8,0E-8,0E-8,0E-8,-5.23829500,0.01049255,APE
﻿123895319257231,2022-06-13 15:00:00,Spot,APE-USDT,Buy,18.32879421,APE,0E-8,-0.01832879,0E-8,0E-8,18.31046541,63.28626335,USDT
﻿123895319257231,2022-06-13 15:00:00,Spot,ETH-USDT,Buy,18.98039936,ETH,0E-8,-0.01898040,0E-8,0E-8,18.96141896,44.97579794,USDT
﻿123895319257231,2022-06-13 15:00:00,Spot,ETH-USDT,Sell,0.01523600,ETH,0E-8,0E-8,0E-8,0E-8,-0.01523600,0.00003135,ETH
﻿123895319257231,2022-06-13 15:00:00,Spot,ETH-USDT,Sell,0.00146700,ETH,0E-8,0E-8,0E-8,0E-8,-0.00146700,0.01526735,ETH
﻿123895319257231,2022-06-13 15:00:00,Spot,ETH-USDT,Buy,1.81773036,ETH,0E-8,-0.00181773,0E-8,0E-8,1.81591263,26.01437898,USDT
﻿123895319257231,2022-06-13 14:00:00,Spot,XCH-USDT,Buy,0.68012100,XCH,0E-8,-0.00068012,0E-8,0E-8,0.67944088,0.76456130,XCH
﻿123895319257231,2022-06-13 14:00:00,Spot,XCH-USDT,Sell,18.41767668,XCH,0E-8,0E-8,0E-8,0E-8,-18.41767668,24.19846635,USDT
﻿123895319257231,2022-06-13 14:00:00,Spot,ETH-USDT,Sell,20.78307591,ETH,0E-8,0E-8,0E-8,0E-8,-20.78307591,42.61614303,USDT
﻿123895319257231,2022-06-13 14:00:00,Spot,ETH-USDT,Buy,0.01671700,ETH,0E-8,-0.00001672,0E-8,0E-8,0.01670028,0.01673435,ETH
﻿123895319257231,2022-06-13 14:00:00,Spot,XCH-USDT,Buy,0.08361300,XCH,0E-8,-0.00008361,0E-8,0E-8,0.08352939,0.08512042,XCH
﻿123895319257231,2022-06-13 14:00:00,Spot,XCH-USDT,Sell,2.29350459,XCH,0E-8,0E-8,0E-8,0E-8,-2.29350459,63.39921894,USDT
﻿123895319257231,2022-06-13 14:00:00,Spot,ETH-USDT,Sell,0.01698800,ETH,0E-8,0E-8,0E-8,0E-8,-0.01698800,0.00003407,ETH
﻿123895319257231,2022-06-13 14:00:00,Spot,ETH-USDT,Buy,20.77632400,ETH,0E-8,-0.02077632,0E-8,0E-8,20.75554768,65.69272353,USDT
﻿123895319257231,2022-06-13 13:00:00,Spot,XCH-USDT,Buy,21.56118328,XCH,0E-8,-0.02156118,0E-8,0E-8,21.53962210,44.93717585,USDT
﻿123895319257231,2022-06-13 13:00:00,Spot,XCH-USDT,Sell,0.79385800,XCH,0E-8,0E-8,0E-8,0E-8,-0.79385800,0.00159104,XCH
﻿123895319257231,2022-06-13 12:00:00,Spot,ETH-USDT,Buy,0.00367995,ETH,0E-8,-0.00000368,0E-8,0E-8,0.00367627,23.39755376,USDT
﻿123895319257231,2022-06-13 12:00:00,Spot,ETH-USDT,Sell,0.00000300,ETH,0E-8,0E-8,0E-8,0E-8,-0.00000300,0.01702207,ETH
﻿123895319257231,2022-06-13 12:00:00,Spot,ETH-USDT,Buy,0.00889400,ETH,0E-8,-0.00000889,0E-8,0E-8,0.00888511,0.01091718,ETH
﻿123895319257231,2022-06-13 12:00:00,Spot,ETH-USDT,Sell,11.02411300,ETH,0E-8,0E-8,0E-8,0E-8,-11.02411300,30.97224163,USDT
﻿123895319257231,2022-06-13 12:00:00,Spot,ETH-USDT,Sell,7.57836414,ETH,0E-8,0E-8,0E-8,0E-8,-7.57836414,23.39387749,USDT
﻿123895319257231,2022-06-13 12:00:00,Spot,ETH-USDT,Buy,0.00611400,ETH,0E-8,-0.00000611,0E-8,0E-8,0.00610789,0.01702507,ETH
﻿123895319257231,2022-06-13 12:00:00,Spot,ETH-USDT,Buy,0.00199900,ETH,0E-8,-0.00000200,0E-8,0E-8,0.00199700,0.00203207,ETH
﻿123895319257231,2022-06-13 12:00:00,Spot,ETH-USDT,Sell,2.47776050,ETH,0E-8,0E-8,0E-8,0E-8,-2.47776050,41.99635463,USDT
﻿123895319257231,2022-06-13 11:00:00,Spot,ETH-USDT,Sell,0.01736900,ETH,0E-8,0E-8,0E-8,0E-8,-0.01736900,0.00003507,ETH
﻿123895319257231,2022-06-13 11:00:00,Spot,ETH-USDT,Buy,20.59911293,ETH,0E-8,-0.02059911,0E-8,0E-8,20.57851382,44.47411513,USDT
﻿123895319257231,2022-06-13 11:00:00,Spot,XCH-USDT,Sell,20.65240877,XCH,0E-8,0E-8,0E-8,0E-8,-20.65240877,23.89560131,USDT
﻿123895319257231,2022-06-13 11:00:00,Spot,XCH-USDT,Buy,0.79524100,XCH,0E-8,-0.00079524,0E-8,0E-8,0.79444576,0.79544904,XCH
﻿123895319257231,2022-06-13 11:00:00,Spot,ETH-USDT,Buy,0.00101900,ETH,0E-8,-0.00000102,0E-8,0E-8,0.00101798,0.01740407,ETH
﻿123895319257231,2022-06-13 11:00:00,Spot,ETH-USDT,Sell,1.21463781,ETH,0E-8,0E-8,0E-8,0E-8,-1.21463781,44.54801008,USDT
﻿123895319257231,2022-06-13 10:00:00,Spot,XCH-USDT,Sell,0.50042600,XCH,0E-8,0E-8,0E-8,0E-8,-0.50042600,0.00100328,XCH
﻿123895319257231,2022-06-13 10:00:00,Spot,XCH-USDT,Buy,13.55654034,XCH,0E-8,-0.01355654,0E-8,0E-8,13.54298380,45.76264789,USDT
﻿123895319257231,2022-06-13 10:00:00,Spot,XCH-USDT,Sell,0.15365000,XCH,0E-8,0E-8,0E-8,0E-8,-0.15365000,0.50142928,XCH
﻿123895319257231,2022-06-13 10:00:00,Spot,XCH-USDT,Buy,4.21615600,XCH,0E-8,-0.00421616,0E-8,0E-8,4.21193984,32.21966409,USDT
﻿123895319257231,2022-06-13 10:00:00,Spot,XCH-USDT,Sell,0.15365000,XCH,0E-8,0E-8,0E-8,0E-8,-0.15365000,0.65507928,XCH
﻿123895319257231,2022-06-13 10:00:00,Spot,XCH-USDT,Buy,4.21615600,XCH,0E-8,-0.00421616,0E-8,0E-8,4.21193984,28.00772425,USDT
﻿123895319257231,2022-06-13 07:00:00,Spot,ETH-USDT,Buy,0.01637000,ETH,0E-8,-0.00001637,0E-8,0E-8,0.01635363,0.01638609,ETH
﻿123895319257231,2022-06-13 07:00:00,Spot,ETH-USDT,Sell,21.75343820,ETH,0E-8,0E-8,0E-8,0E-8,-21.75343820,23.79578440,USDT
﻿123895319257231,2022-06-13 05:00:00,Spot,BTC-USDT,Buy,0.00055862,BTC,0E-8,-5.6E-7,0E-8,0E-8,0.00055806,0.00085588,BTC
﻿123895319257231,2022-06-13 05:00:00,Spot,BTC-USDT,Sell,14.17861353,BTC,0E-8,0E-8,0E-8,0E-8,-14.17861353,45.54922260,USDT
﻿123895319257231,2022-06-13 05:00:00,Spot,ETH-USDT,Sell,0.01597200,ETH,0E-8,0E-8,0E-8,0E-8,-0.01597200,0.00003246,ETH
﻿123895319257231,2022-06-13 05:00:00,Spot,ETH-USDT,Buy,21.54143640,ETH,0E-8,-0.02154144,0E-8,0E-8,21.51989496,59.72783613,USDT
﻿123895319257231,2022-06-13 03:00:00,Spot,ETH-USDT,Buy,0.00319900,ETH,0E-8,-0.00000320,0E-8,0E-8,0.00319580,0.01600446,ETH
﻿123895319257231,2022-06-13 03:00:00,Spot,ETH-USDT,Sell,4.39014765,ETH,0E-8,0E-8,0E-8,0E-8,-4.39014765,38.20794117,USDT
﻿123895319257231,2022-06-13 03:00:00,Spot,ETH-BTC,Sell,0.00319800,ETH,0E-8,0E-8,0E-8,0E-8,-0.00319800,0.01280866,ETH
﻿123895319257231,2022-06-13 03:00:00,Spot,ETH-BTC,Buy,0.00016853,ETH,0E-8,-1.7E-7,0E-8,0E-8,0.00016837,0.00029781,BTC
﻿123895319257231,2022-06-13 03:00:00,Spot,ETH-USDT,Sell,4.22433232,ETH,0E-8,0E-8,0E-8,0E-8,-4.22433232,42.59808882,USDT
﻿123895319257231,2022-06-13 03:00:00,Spot,ETH-USDT,Buy,0.00307600,ETH,0E-8,-0.00000308,0E-8,0E-8,0.00307292,0.01600666,ETH
﻿123895319257231,2022-06-13 03:00:00,Spot,ETH-BTC,Sell,0.00242700,ETH,0E-8,0E-8,0E-8,0E-8,-0.00242700,0.01293374,ETH
﻿123895319257231,2022-06-13 03:00:00,Spot,ETH-BTC,Buy,0.00012790,ETH,0E-8,-1.3E-7,0E-8,0E-8,0.00012777,0.00012945,BTC
﻿123895319257231,2022-06-12 17:00:00,Spot,XCH-USDT,Sell,23.32447718,XCH,0E-8,0E-8,0E-8,0E-8,-23.32447718,46.82242114,USDT
﻿123895319257231,2022-06-12 17:00:00,Spot,XCH-USDT,Buy,0.80791400,XCH,0E-8,-0.00080791,0E-8,0E-8,0.80710609,0.80872928,XCH
﻿123895319257231,2022-06-12 17:00:00,Spot,APE-USDT,Buy,5.24319500,APE,0E-8,-0.00524320,0E-8,0E-8,5.23795181,5.24878755,APE
﻿123895319257231,2022-06-12 17:00:00,Spot,APE-USDT,Sell,23.34165550,APE,0E-8,0E-8,0E-8,0E-8,-23.34165550,70.14689832,USDT
﻿123895319257231,2022-06-12 16:00:00,Spot,ETH-USDT,Buy,0.01534500,ETH,0E-8,-0.00001535,0E-8,0E-8,0.01532966,0.01536074,ETH
﻿123895319257231,2022-06-12 16:00:00,Spot,ETH-USDT,Sell,23.35202100,ETH,0E-8,0E-8,0E-8,0E-8,-23.35202100,93.48855382,USDT
﻿123895319257231,2022-06-12 16:00:00,Spot,ETH-USDT,Sell,0.01550400,ETH,0E-8,0E-8,0E-8,0E-8,-0.01550400,0.00003108,ETH
﻿123895319257231,2022-06-12 16:00:00,Spot,ETH-USDT,Buy,23.57321184,ETH,0E-8,-0.02357321,0E-8,0E-8,23.54963863,116.84057482,USDT
﻿123895319257231,2022-06-12 16:00:00,Spot,XCH-USDT,Sell,0.81036700,XCH,0E-8,0E-8,0E-8,0E-8,-0.81036700,0.00162319,XCH
﻿123895319257231,2022-06-12 16:00:00,Spot,XCH-USDT,Buy,23.37908795,XCH,0E-8,-0.02337909,0E-8,0E-8,23.35570886,93.29093619,USDT
﻿123895319257231,2022-06-12 16:00:00,Spot,APE-USDT,Sell,5.40925600,APE,0E-8,0E-8,0E-8,0E-8,-5.40925600,0.01083574,APE
﻿123895319257231,2022-06-12 16:00:00,Spot,APE-USDT,Buy,23.76718901,APE,0E-8,-0.02376719,0E-8,0E-8,23.74342182,69.93522733,USDT
﻿123895319257231,2022-06-12 16:00:00,Spot,ETH-USDT,Buy,0.01403200,ETH,0E-8,-0.00001403,0E-8,0E-8,0.01401797,0.01553508,ETH
﻿123895319257231,2022-06-12 16:00:00,Spot,ETH-USDT,Sell,2.22699068,ETH,0E-8,0E-8,0E-8,0E-8,-2.22699068,67.21019799,USDT
﻿123895319257231,2022-06-12 16:00:00,Spot,ETH-USDT,Buy,0.00148700,ETH,0E-8,-0.00000149,0E-8,0E-8,0.00148551,0.00151711,ETH
﻿123895319257231,2022-06-12 16:00:00,Spot,ETH-USDT,Sell,21.01839248,ETH,0E-8,0E-8,0E-8,0E-8,-21.01839248,46.19180551,USDT
﻿123895319257231,2022-06-12 16:00:00,Spot,ETH-USDT,Buy,23.51609992,ETH,0E-8,-0.02351610,0E-8,0E-8,23.49258382,69.43718867,USDT
﻿123895319257231,2022-06-12 16:00:00,Spot,ETH-USDT,Sell,0.01568200,ETH,0E-8,0E-8,0E-8,0E-8,-0.01568200,0.00003160,ETH
﻿123895319257231,2022-06-12 16:00:00,Spot,APE-USDT,Buy,5.41461800,APE,0E-8,-0.00541462,0E-8,0E-8,5.40920338,5.42009174,APE
﻿123895319257231,2022-06-12 16:00:00,Spot,APE-USDT,Sell,23.05165321,APE,0E-8,0E-8,0E-8,0E-8,-23.05165321,45.94460485,USDT
﻿123895319257231,2022-06-12 16:00:00,Spot,ETH-USDT,Sell,23.04482098,ETH,0E-8,0E-8,0E-8,0E-8,-23.04482098,68.99625806,USDT
﻿123895319257231,2022-06-12 16:00:00,Spot,ETH-USDT,Buy,0.01569800,ETH,0E-8,-0.00001570,0E-8,0E-8,0.01568230,0.01571360,ETH
﻿123895319257231,2022-06-12 16:00:00,Spot,APE-USDT,Sell,5.43574000,APE,0E-8,0E-8,0E-8,0E-8,-5.43574000,0.01088836,APE
﻿123895319257231,2022-06-12 16:00:00,Spot,APE-USDT,Buy,23.17690821,APE,0E-8,-0.02317691,0E-8,0E-8,23.15373130,92.04107904,USDT
﻿123895319257231,2022-06-12 16:00:00,Spot,ETH-USDT,Sell,0.01521700,ETH,0E-8,0E-8,0E-8,0E-8,-0.01521700,0.00003130,ETH
﻿123895319257231,2022-06-12 16:00:00,Spot,ETH-USDT,Buy,22.43259706,ETH,0E-8,-0.02243260,0E-8,0E-8,22.41016446,68.88734773,USDT
﻿123895319257231,2022-06-12 16:00:00,Spot,BTC-USDT,Buy,22.93258356,BTC,0E-8,-0.02293258,0E-8,0E-8,22.90965098,46.47718327,USDT
﻿123895319257231,2022-06-12 16:00:00,Spot,BTC-USDT,Sell,0.00083390,BTC,0E-8,0E-8,0E-8,0E-8,-0.00083390,0.00000167,BTC
﻿123895319257231,2022-06-12 16:00:00,Spot,BTC-USDT,Sell,4.42520742,BTC,0E-8,0E-8,0E-8,0E-8,-4.42520742,23.56753229,USDT
﻿123895319257231,2022-06-12 16:00:00,Spot,BTC-USDT,Buy,0.00016348,BTC,0E-8,-1.6E-7,0E-8,0E-8,0.00016332,0.00083557,BTC
﻿123895319257231,2022-06-12 16:00:00,Spot,XCH-USDT,Buy,0.80954200,XCH,0E-8,-0.00080954,0E-8,0E-8,0.80873246,0.81199019,XCH
﻿123895319257231,2022-06-12 16:00:00,Spot,XCH-USDT,Sell,22.58622180,XCH,0E-8,0E-8,0E-8,0E-8,-22.58622180,27.99273972,USDT
﻿123895319257231,2022-06-12 16:00:00,Spot,APE-USDT,Buy,5.44274000,APE,0E-8,-0.00544274,0E-8,0E-8,5.43729726,5.44662836,APE
﻿123895319257231,2022-06-12 16:00:00,Spot,APE-USDT,Sell,22.76099441,APE,0E-8,0E-8,0E-8,0E-8,-22.76099441,50.57896152,USDT
﻿123895319257231,2022-06-12 16:00:00,Spot,XCH-USDT,Sell,1.62612900,XCH,0E-8,0E-8,0E-8,0E-8,-1.62612900,0.00325773,XCH
﻿123895319257231,2022-06-12 16:00:00,Spot,XCH-USDT,Buy,45.46656684,XCH,0E-8,-0.04546657,0E-8,0E-8,45.42110027,73.33995592,USDT
﻿123895319257231,2022-06-12 15:00:00,Spot,XCH-BTC,Sell,0.00010000,XCH,0E-8,0E-8,0E-8,0E-8,-0.00010000,1.62938673,XCH
﻿123895319257231,2022-06-12 15:00:00,Spot,XCH-BTC,Buy,1.0E-7,XCH,0E-8,0E-8,0E-8,0E-8,1.0E-7,0.00067226,BTC
﻿123895319257231,2022-06-12 15:00:00,Spot,XCH-USDT,Sell,23.15110252,XCH,0E-8,0E-8,0E-8,0E-8,-23.15110252,27.91885565,USDT
﻿123895319257231,2022-06-12 15:00:00,Spot,XCH-USDT,Buy,0.82300400,XCH,0E-8,-0.00082300,0E-8,0E-8,0.82218100,1.62948673,XCH
﻿123895319257231,2022-06-12 15:00:00,Spot,BTC-USDT,Buy,4.19497254,BTC,0E-8,-0.00419497,0E-8,0E-8,4.19077757,51.06995817,USDT
﻿123895319257231,2022-06-12 15:00:00,Spot,BTC-USDT,Sell,0.00015277,BTC,0E-8,0E-8,0E-8,0E-8,-0.00015277,0.00067215,BTC
﻿123895319257231,2022-06-12 14:00:00,Spot,XCH-USDT,Buy,0.80644800,XCH,0E-8,-0.00080645,0E-8,0E-8,0.80564155,0.80730574,XCH
﻿123895319257231,2022-06-12 14:00:00,Spot,XCH-USDT,Sell,22.80634944,XCH,0E-8,0E-8,0E-8,0E-8,-22.80634944,46.87918061,USDT
﻿123895319257231,2022-06-12 14:00:00,Spot,XCH-USDT,Sell,0.83052600,XCH,0E-8,0E-8,0E-8,0E-8,-0.83052600,0.00166419,XCH
﻿123895319257231,2022-06-12 14:00:00,Spot,XCH-USDT,Buy,24.01881192,XCH,0E-8,-0.02401881,0E-8,0E-8,23.99479311,69.68553005,USDT
﻿123895319257231,2022-06-12 04:00:00,Spot,APE-USDT,Sell,4.65812200,APE,0E-8,0E-8,0E-8,0E-8,-4.65812200,0.00933110,APE
﻿123895319257231,2022-06-12 04:00:00,Spot,APE-USDT,Buy,20.00709980,APE,0E-8,-0.02000710,0E-8,0E-8,19.98709270,45.69073694,USDT
﻿123895319257231,2022-06-11 22:00:00,Spot,XCH-USDT,Buy,0.02133300,XCH,0E-8,-0.00002133,0E-8,0E-8,0.02131167,0.83219019,XCH
﻿123895319257231,2022-06-11 22:00:00,Spot,XCH-USDT,Sell,0.60393723,XCH,0E-8,0E-8,0E-8,0E-8,-0.60393723,25.70364423,USDT
﻿123895319257231,2022-06-11 22:00:00,Spot,XCH-USDT,Buy,0.80000000,XCH,0E-8,-0.00080000,0E-8,0E-8,0.79920000,0.80088852,XCH
﻿123895319257231,2022-06-11 22:00:00,Spot,XCH-USDT,Buy,0.01000000,XCH,0E-8,-0.00001000,0E-8,0E-8,0.00999000,0.81087852,XCH
﻿123895319257231,2022-06-11 22:00:00,Spot,XCH-USDT,Sell,0.28330000,XCH,0E-8,0E-8,0E-8,0E-8,-0.28330000,26.30758146,USDT
﻿123895319257231,2022-06-11 22:00:00,Spot,XCH-USDT,Sell,22.66400000,XCH,0E-8,0E-8,0E-8,0E-8,-22.66400000,26.59088146,USDT
﻿123895319257231,2022-06-11 20:00:00,Spot,XCH-USDT,Buy,24.35897190,XCH,0E-8,-0.02435897,0E-8,0E-8,24.33461293,49.25488146,USDT
﻿123895319257231,2022-06-11 20:00:00,Spot,XCH-USDT,Sell,0.84287100,XCH,0E-8,0E-8,0E-8,0E-8,-0.84287100,0.00168852,XCH
﻿123895319257231,2022-06-11 20:00:00,Spot,ETH-USDT,Sell,23.87676928,ETH,0E-8,0E-8,0E-8,0E-8,-23.87676928,24.92026854,USDT
﻿123895319257231,2022-06-11 20:00:00,Spot,ETH-USDT,Buy,0.01523200,ETH,0E-8,-0.00001523,0E-8,0E-8,0.01521677,0.01524830,ETH
﻿123895319257231,2022-06-11 20:00:00,Spot,ETH-USDT,Buy,24.16295440,ETH,0E-8,-0.02416295,0E-8,0E-8,24.13879145,48.79703782,USDT
﻿123895319257231,2022-06-11 20:00:00,Spot,ETH-USDT,Sell,0.01534000,ETH,0E-8,0E-8,0E-8,0E-8,-0.01534000,0.00003153,ETH
﻿123895319257231,2022-06-11 18:00:00,Spot,XCH-USDT,Buy,0.70824600,XCH,0E-8,-0.00070825,0E-8,0E-8,0.70753775,0.84455952,XCH
﻿123895319257231,2022-06-11 18:00:00,Spot,XCH-USDT,Sell,19.63257912,XCH,0E-8,0E-8,0E-8,0E-8,-19.63257912,24.65824637,USDT
﻿123895319257231,2022-06-11 17:00:00,Spot,XCH-USDT,Sell,3.71766330,XCH,0E-8,0E-8,0E-8,0E-8,-3.71766330,44.29082549,USDT
﻿123895319257231,2022-06-11 17:00:00,Spot,XCH-USDT,Buy,0.13543400,XCH,0E-8,-0.00013543,0E-8,0E-8,0.13529857,0.13702176,XCH
﻿123895319257231,2022-06-11 17:00:00,Spot,XCH-USDT,Sell,0.86017900,XCH,0E-8,0E-8,0E-8,0E-8,-0.86017900,0.00172320,XCH
﻿123895319257231,2022-06-11 17:00:00,Spot,XCH-USDT,Buy,23.80115293,XCH,0E-8,-0.02380115,0E-8,0E-8,23.77735178,48.00848879,USDT
﻿123895319257231,2022-06-11 16:00:00,Spot,ETH-USDT,Sell,7.24407136,ETH,0E-8,0E-8,0E-8,0E-8,-7.24407136,40.51000069,USDT
﻿123895319257231,2022-06-11 16:00:00,Spot,ETH-USDT,Sell,16.27886368,ETH,0E-8,0E-8,0E-8,0E-8,-16.27886368,24.23113701,USDT
﻿123895319257231,2022-06-11 16:00:00,Spot,ETH-USDT,Buy,0.01062700,ETH,0E-8,-0.00001063,0E-8,0E-8,0.01061637,0.01537153,ETH
﻿123895319257231,2022-06-11 16:00:00,Spot,ETH-USDT,Buy,0.00472900,ETH,0E-8,-0.00000473,0E-8,0E-8,0.00472427,0.00475516,ETH
﻿123895319257231,2022-06-11 16:00:00,Spot,ETH-USDT,Buy,23.60524320,ETH,0E-8,-0.02360524,0E-8,0E-8,23.58163796,47.75407205,USDT
﻿123895319257231,2022-06-11 16:00:00,Spot,ETH-USDT,Sell,0.01535600,ETH,0E-8,0E-8,0E-8,0E-8,-0.01535600,0.00003089,ETH
﻿123895319257231,2022-06-11 16:00:00,Spot,ETH-USDT,Sell,23.50856111,ETH,0E-8,0E-8,0E-8,0E-8,-23.50856111,24.17243410,USDT
﻿123895319257231,2022-06-11 16:00:00,Spot,ETH-USDT,Buy,0.01537100,ETH,0E-8,-0.00001537,0E-8,0E-8,0.01535563,0.01538689,ETH
﻿123895319257231,2022-06-11 16:00:00,Spot,ETH-USDT,Sell,0.01528200,ETH,0E-8,0E-8,0E-8,0E-8,-0.01528200,0.00003126,ETH
﻿123895319257231,2022-06-11 16:00:00,Spot,ETH-USDT,Buy,23.38833690,ETH,0E-8,-0.02338834,0E-8,0E-8,23.36494856,47.68099521,USDT
﻿123895319257231,2022-06-11 16:00:00,Spot,BTC-USDT,Sell,0.00001430,BTC,0E-8,0E-8,0E-8,0E-8,-0.00001430,0.00082492,BTC
﻿123895319257231,2022-06-11 16:00:00,Spot,BTC-USDT,Buy,0.40618864,BTC,0E-8,-0.00040619,0E-8,0E-8,0.40578245,24.31604664,USDT
﻿123895319257231,2022-06-11 16:00:00,Spot,APE-USDT,Sell,23.57555182,APE,0E-8,0E-8,0E-8,0E-8,-23.57555182,23.91026419,USDT
﻿123895319257231,2022-06-11 16:00:00,Spot,APE-USDT,Buy,4.66399300,APE,0E-8,-0.00466399,0E-8,0E-8,4.65932901,4.66745310,APE
﻿123895319257231,2022-06-11 15:00:00,Spot,BTC-USDT,Sell,0.00001862,BTC,0E-8,0E-8,0E-8,0E-8,-0.00001862,0.00083922,BTC
﻿123895319257231,2022-06-11 15:00:00,Spot,BTC-USDT,Buy,0.52857525,BTC,0E-8,-0.00052858,0E-8,0E-8,0.52804667,47.48581601,USDT
﻿123895319257231,2022-06-11 15:00:00,Spot,APE-USDT,Buy,20.43842298,APE,0E-8,-0.02043842,0E-8,0E-8,20.41798455,46.95776933,USDT
﻿123895319257231,2022-06-11 15:00:00,Spot,APE-USDT,Sell,4.05564500,APE,0E-8,0E-8,0E-8,0E-8,-4.05564500,0.00812409,APE
﻿123895319257231,2022-06-11 14:00:00,Spot,ETH-USDT,Sell,23.78155824,ETH,0E-8,0E-8,0E-8,0E-8,-23.78155824,26.53978478,USDT
﻿123895319257231,2022-06-11 14:00:00,Spot,ETH-USDT,Buy,0.01529400,ETH,0E-8,-0.00001529,0E-8,0E-8,0.01527871,0.01531326,ETH
﻿123895319257231,2022-06-11 14:00:00,Spot,XCH-USDT,Buy,0.45221400,XCH,0E-8,-0.00045221,0E-8,0E-8,0.45176179,0.86190220,XCH
﻿123895319257231,2022-06-11 14:00:00,Spot,XCH-USDT,Sell,12.59868204,XCH,0E-8,0E-8,0E-8,0E-8,-12.59868204,50.32134302,USDT
﻿123895319257231,2022-06-11 14:00:00,Spot,XCH-USDT,Buy,0.41000000,XCH,0E-8,-0.00041000,0E-8,0E-8,0.40959000,0.41014041,XCH
﻿123895319257231,2022-06-11 14:00:00,Spot,XCH-USDT,Sell,11.45540000,XCH,0E-8,0E-8,0E-8,0E-8,-11.45540000,62.92002506,USDT
﻿123895319257231,2022-06-11 14:00:00,Spot,ETH-USDT,Buy,27.21205374,ETH,0E-8,-0.02721205,0E-8,0E-8,27.18484169,74.37542506,USDT
﻿123895319257231,2022-06-11 14:00:00,Spot,ETH-USDT,Sell,0.01710600,ETH,0E-8,0E-8,0E-8,0E-8,-0.01710600,0.00003455,ETH
﻿123895319257231,2022-06-11 13:00:00,Spot,XCH-USDT,Buy,0.67424838,XCH,0E-8,-0.00067425,0E-8,0E-8,0.67357413,40.24356833,USDT
﻿123895319257231,2022-06-11 13:00:00,Spot,XCH-USDT,Sell,0.25041300,XCH,0E-8,0E-8,0E-8,0E-8,-0.25041300,0.00055041,XCH
﻿123895319257231,2022-06-11 13:00:00,Spot,XCH-USDT,Buy,6.95396901,XCH,0E-8,-0.00695397,0E-8,0E-8,6.94701504,47.19058337,USDT
﻿123895319257231,2022-06-11 13:00:00,Spot,XCH-USDT,Sell,0.02427100,XCH,0E-8,0E-8,0E-8,0E-8,-0.02427100,0.25096341,XCH
﻿123895319257231,2022-06-11 13:00:00,Spot,XCH-USDT,Buy,16.38597762,XCH,0E-8,-0.01638598,0E-8,0E-8,16.36959164,39.56999420,USDT
﻿123895319257231,2022-06-11 13:00:00,Spot,XCH-USDT,Sell,0.59240700,XCH,0E-8,0E-8,0E-8,0E-8,-0.59240700,0.27523441,XCH
﻿123895319257231,2022-06-11 13:00:00,Spot,XCH-USDT,Sell,0.83083900,XCH,0E-8,0E-8,0E-8,0E-8,-0.83083900,0.86764141,XCH
﻿123895319257231,2022-06-11 13:00:00,Spot,XCH-USDT,Buy,22.97269835,XCH,0E-8,-0.02297270,0E-8,0E-8,22.94972565,23.20040256,USDT
﻿123895319257231,2022-06-10 18:00:00,Spot,ETH-BTC,Buy,0.00050930,ETH,0E-8,-5.1E-7,0E-8,0E-8,0.00050879,0.00085784,BTC
﻿123895319257231,2022-06-10 18:00:00,Spot,ETH-BTC,Sell,0.00881600,ETH,0E-8,0E-8,0E-8,0E-8,-0.00881600,0.01714055,ETH
﻿123895319257231,2022-06-10 18:00:00,Spot,ETH-USDT,Buy,0.01477200,ETH,0E-8,-0.00001477,0E-8,0E-8,0.01475723,0.02595655,ETH
﻿123895319257231,2022-06-10 18:00:00,Spot,ETH-USDT,Sell,24.61029972,ETH,0E-8,0E-8,0E-8,0E-8,-24.61029972,0.25067691,USDT
﻿123895319257231,2022-06-10 18:00:00,Spot,ETH-USDT,Buy,0.00226000,ETH,0E-8,-0.00000226,0E-8,0E-8,0.00225774,0.01119932,ETH
﻿123895319257231,2022-06-10 18:00:00,Spot,ETH-USDT,Sell,3.79422360,ETH,0E-8,0E-8,0E-8,0E-8,-3.79422360,24.86097663,USDT
﻿123895319257231,2022-06-10 18:00:00,Spot,ETH-BTC,Sell,0.00587000,ETH,0E-8,0E-8,0E-8,0E-8,-0.00587000,0.00894158,ETH
﻿123895319257231,2022-06-10 18:00:00,Spot,ETH-BTC,Buy,0.00034058,ETH,0E-8,-3.4E-7,0E-8,0E-8,0.00034024,0.00034905,BTC
﻿123895319257231,2022-06-07 02:00:00,Spot,BTC-USDT,Buy,26.77638976,BTC,0E-8,-0.02677639,0E-8,0E-8,26.74961337,28.65520023,USDT
﻿123895319257231,2022-06-07 02:00:00,Spot,BTC-USDT,Sell,0.00087263,BTC,0E-8,0E-8,0E-8,0E-8,-0.00087263,0.00000882,BTC
﻿123895319257231,2022-06-07 02:00:00,Spot,XCH-USDT,Buy,0.84290900,XCH,0E-8,-0.00084291,0E-8,0E-8,0.84206609,1.69848041,XCH
﻿123895319257231,2022-06-07 02:00:00,Spot,XCH-USDT,Sell,26.61906622,XCH,0E-8,0E-8,0E-8,0E-8,-26.61906622,1.90558686,USDT
﻿123895319257231,2022-06-06 21:00:00,Spot,BTC-USDT,Buy,0.59251482,BTC,0E-8,-0.00059251,0E-8,0E-8,0.59192230,28.52465308,USDT
﻿123895319257231,2022-06-06 21:00:00,Spot,BTC-USDT,Sell,0.00001888,BTC,0E-8,0E-8,0E-8,0E-8,-0.00001888,0.00088145,BTC
﻿123895319257231,2022-06-06 14:00:00,Spot,XCH-USDT,Buy,0.02224200,XCH,0E-8,-0.00002224,0E-8,0E-8,0.02221976,0.85641432,XCH
﻿123895319257231,2022-06-06 14:00:00,Spot,XCH-USDT,Sell,0.71663724,XCH,0E-8,0E-8,0E-8,0E-8,-0.71663724,27.93273077,USDT
﻿123895319257231,2022-06-05 03:00:00,Spot,XCH-USDT,Sell,3.84717300,XCH,0E-8,0E-8,0E-8,0E-8,-3.84717300,28.64936801,USDT
﻿123895319257231,2022-06-05 03:00:00,Spot,XCH-USDT,Buy,0.12045000,XCH,0E-8,-0.00012045,0E-8,0E-8,0.12032955,0.83419456,XCH
﻿123895319257231,2022-06-05 03:00:00,Spot,XCH-USDT,Sell,0.11667900,XCH,0E-8,0E-8,0E-8,0E-8,-0.11667900,0.71386501,XCH
﻿123895319257231,2022-06-05 03:00:00,Spot,XCH-USDT,Buy,3.75473022,XCH,0E-8,-0.00375473,0E-8,0E-8,3.75097549,32.49654101,USDT
﻿123895319257231,2022-06-03 12:00:00,Spot,XCH-USDT,Sell,7.37389185,XCH,0E-8,0E-8,0E-8,0E-8,-7.37389185,28.74556552,USDT
﻿123895319257231,2022-06-03 12:00:00,Spot,XCH-USDT,Buy,0.22935900,XCH,0E-8,-0.00022936,0E-8,0E-8,0.22912964,0.83054401,XCH
﻿123895319257231,2022-06-03 05:00:00,Spot,XCH-USDT,Sell,0.07198700,XCH,0E-8,0E-8,0E-8,0E-8,-0.07198700,0.60141437,XCH
﻿123895319257231,2022-06-03 05:00:00,Spot,XCH-USDT,Buy,2.39068827,XCH,0E-8,-0.00239069,0E-8,0E-8,2.38829758,36.11945737,USDT
﻿123895319257231,2022-06-03 05:00:00,Spot,XCH-USDT,Buy,2.39068827,XCH,0E-8,-0.00239069,0E-8,0E-8,2.38829758,33.73115979,USDT
﻿123895319257231,2022-06-03 05:00:00,Spot,XCH-USDT,Sell,0.07198700,XCH,0E-8,0E-8,0E-8,0E-8,-0.07198700,0.67340137,XCH
﻿123895319257231,2022-06-03 05:00:00,Spot,XCH-USDT,Buy,2.39068827,XCH,0E-8,-0.00239069,0E-8,0E-8,2.38829758,31.34286221,USDT
﻿123895319257231,2022-06-03 05:00:00,Spot,XCH-USDT,Sell,0.07198700,XCH,0E-8,0E-8,0E-8,0E-8,-0.07198700,0.74538837,XCH
﻿123895319257231,2022-06-03 00:00:00,Spot,XCH-USDT,Buy,0.81683500,XCH,0E-8,-0.00081684,0E-8,0E-8,0.81601817,0.81737537,XCH
﻿123895319257231,2022-06-03 00:00:00,Spot,XCH-USDT,Sell,27.39664590,XCH,0E-8,0E-8,0E-8,0E-8,-27.39664590,28.95456463,USDT
﻿123895319257231,2022-06-03 00:00:00,Spot,XCH-USDT,Buy,0.00004400,XCH,0E-8,-4E-8,0E-8,0E-8,0.00004396,0.00135721,XCH
﻿123895319257231,2022-06-03 00:00:00,Spot,XCH-USDT,Sell,0.00147312,XCH,0E-8,0E-8,0E-8,0E-8,-0.00147312,56.35121053,USDT
﻿123895319257231,2022-06-02 23:00:00,Spot,XCH-USDT,Sell,0.65533000,XCH,0E-8,0E-8,0E-8,0E-8,-0.65533000,0.00131325,XCH
﻿123895319257231,2022-06-02 23:00:00,Spot,XCH-USDT,Buy,21.85525550,XCH,0E-8,-0.02185526,0E-8,0E-8,21.83340024,56.35268365,USDT
﻿123895319257231,2022-06-02 19:00:00,Spot,XCH-USDT,Buy,0.65562900,XCH,0E-8,-0.00065563,0E-8,0E-8,0.65497337,0.65664325,XCH
﻿123895319257231,2022-06-02 19:00:00,Spot,XCH-USDT,Sell,21.47184975,XCH,0E-8,0E-8,0E-8,0E-8,-21.47184975,34.51928341,USDT
﻿123895319257231,2022-06-02 15:00:00,Spot,XCH-USDT,Buy,26.98003893,XCH,0E-8,-0.02698004,0E-8,0E-8,26.95305889,55.99113316,USDT
﻿123895319257231,2022-06-02 15:00:00,Spot,XCH-USDT,Sell,0.83348900,XCH,0E-8,0E-8,0E-8,0E-8,-0.83348900,0.00166988,XCH
﻿123895319257231,2022-06-01 21:00:00,Spot,BTC-USDT,Buy,0.00051143,BTC,0E-8,-5.1E-7,0E-8,0E-8,0.00051092,0.00090033,BTC
﻿123895319257231,2022-06-01 21:00:00,Spot,BTC-USDT,Sell,15.40805618,BTC,0E-8,0E-8,0E-8,0E-8,-15.40805618,29.03807426,USDT
﻿123895319257231,2022-06-01 20:00:00,Spot,XCH-USDT,Sell,0.32250000,XCH,0E-8,0E-8,0E-8,0E-8,-0.32250000,44.44613045,USDT
﻿123895319257231,2022-06-01 20:00:00,Spot,XCH-USDT,Buy,0.01000000,XCH,0E-8,-0.00001000,0E-8,0E-8,0.00999000,0.83515888,XCH
﻿123895319257231,2022-06-01 20:00:00,Spot,ETH-USDT,Buy,0.00112500,ETH,0E-8,-0.00000113,0E-8,0E-8,0.00112388,0.01481158,ETH
﻿123895319257231,2022-06-01 20:00:00,Spot,ETH-USDT,Sell,2.06825625,ETH,0E-8,0E-8,0E-8,0E-8,-2.06825625,44.76863045,USDT
﻿123895319257231,2022-05-31 20:00:00,Spot,XCH-BTC,Buy,1.1E-7,XCH,0E-8,0E-8,0E-8,0E-8,1.1E-7,0.00038941,BTC
﻿123895319257231,2022-05-31 20:00:00,Spot,XCH-BTC,Sell,0.00010000,XCH,0E-8,0E-8,0E-8,0E-8,-0.00010000,0.82516888,XCH
﻿123895319257231,2022-05-31 18:00:00,Spot,XCH-USDT,Sell,28.47515594,XCH,0E-8,0E-8,0E-8,0E-8,-28.47515594,46.83688670,USDT
﻿123895319257231,2022-05-31 18:00:00,Spot,XCH-USDT,Buy,0.82441100,XCH,0E-8,-0.00082441,0E-8,0E-8,0.82358659,0.82526888,XCH
﻿123895319257231,2022-05-31 18:00:00,Spot,XCH-USDT,Buy,29.50284147,XCH,0E-8,-0.02950284,0E-8,0E-8,29.47333863,75.31204264,USDT
﻿123895319257231,2022-05-31 18:00:00,Spot,XCH-USDT,Sell,0.83981900,XCH,0E-8,0E-8,0E-8,0E-8,-0.83981900,0.00168229,XCH
﻿123895319257231,2022-05-31 16:00:00,Spot,XCH-BTC,Buy,1.1E-7,XCH,0E-8,0E-8,0E-8,0E-8,1.1E-7,0.00038930,BTC
﻿123895319257231,2022-05-31 16:00:00,Spot,XCH-BTC,Sell,0.00010000,XCH,0E-8,0E-8,0E-8,0E-8,-0.00010000,0.84150129,XCH
﻿123895319257231,2022-05-31 16:00:00,Spot,XCH-USDT,Buy,0.03098200,XCH,0E-8,-0.00003098,0E-8,0E-8,0.03095102,0.84160129,XCH
﻿123895319257231,2022-05-31 16:00:00,Spot,XCH-USDT,Sell,1.06020404,XCH,0E-8,0E-8,0E-8,0E-8,-1.06020404,45.83870401,USDT
﻿123895319257231,2022-05-30 23:00:00,Spot,ETH-USDT,Sell,3.99468166,ETH,0E-8,0E-8,0E-8,0E-8,-3.99468166,46.89890805,USDT
﻿123895319257231,2022-05-30 23:00:00,Spot,ETH-USDT,Buy,0.00199900,ETH,0E-8,-0.00000200,0E-8,0E-8,0.00199700,0.01368771,ETH
﻿123895319257231,2022-05-30 23:00:00,Spot,ETH-BTC,Sell,0.00290400,ETH,0E-8,0E-8,0E-8,0E-8,-0.00290400,0.01169071,ETH
﻿123895319257231,2022-05-30 23:00:00,Spot,ETH-BTC,Buy,0.00018045,ETH,0E-8,-1.8E-7,0E-8,0E-8,0.00018027,0.00038919,BTC
﻿123895319257231,2022-05-30 23:00:00,Spot,ETH-USDT,Sell,5.93645612,ETH,0E-8,0E-8,0E-8,0E-8,-5.93645612,50.89358971,USDT
﻿123895319257231,2022-05-30 23:00:00,Spot,ETH-USDT,Buy,0.00296900,ETH,0E-8,-0.00000297,0E-8,0E-8,0.00296603,0.01459471,ETH
﻿123895319257231,2022-05-30 23:00:00,Spot,ETH-BTC,Sell,0.00322000,ETH,0E-8,0E-8,0E-8,0E-8,-0.00322000,0.01162868,ETH
﻿123895319257231,2022-05-30 23:00:00,Spot,ETH-BTC,Buy,0.00020041,ETH,0E-8,-2.0E-7,0E-8,0E-8,0.00020021,0.00020892,BTC
﻿123895319257231,2022-05-30 23:00:00,Spot,BTC-USDT,Sell,0.00086167,BTC,0E-8,0E-8,0E-8,0E-8,-0.00086167,0.00000870,BTC
﻿123895319257231,2022-05-30 23:00:00,Spot,BTC-USDT,Buy,27.65219664,BTC,0E-8,-0.02765220,0E-8,0E-8,27.62454444,56.83004583,USDT
﻿123895319257231,2022-05-30 22:00:00,Spot,XCH-USDT,Buy,0.79580100,XCH,0E-8,-0.00079580,0E-8,0E-8,0.79500520,0.81065027,XCH
﻿123895319257231,2022-05-30 22:00:00,Spot,XCH-USDT,Sell,28.07585928,XCH,0E-8,0E-8,0E-8,0E-8,-28.07585928,29.20550139,USDT
﻿123895319257231,2022-05-30 22:00:00,Spot,BTC-USDT,Buy,28.89743841,BTC,0E-8,-0.02889744,0E-8,0E-8,28.86854097,57.28136067,USDT
﻿123895319257231,2022-05-30 22:00:00,Spot,BTC-USDT,Sell,0.00092353,BTC,0E-8,0E-8,0E-8,0E-8,-0.00092353,0.00087037,BTC
﻿123895319257231,2022-05-30 22:00:00,Spot,BTC-USDT,Buy,0.57603204,BTC,0E-8,-0.00057603,0E-8,0E-8,0.57545601,28.41281970,USDT
﻿123895319257231,2022-05-30 22:00:00,Spot,BTC-USDT,Sell,0.00001862,BTC,0E-8,0E-8,0E-8,0E-8,-0.00001862,0.00179390,BTC
﻿123895319257231,2022-05-30 16:00:00,Spot,XCH-BTC,Buy,0.00177039,XCH,0E-8,-0.00000177,0E-8,0E-8,0.00176862,0.00181252,BTC
﻿123895319257231,2022-05-30 16:00:00,Spot,XCH-BTC,Sell,1.54350000,XCH,0E-8,0E-8,0E-8,0E-8,-1.54350000,0.01564507,XCH
﻿123895319257231,2022-05-30 09:00:00,Spot,XCH-USDT,Sell,0.01419300,XCH,0E-8,0E-8,0E-8,0E-8,-0.01419300,1.55914507,XCH
﻿123895319257231,2022-05-30 09:00:00,Spot,XCH-USDT,Buy,0.49235517,XCH,0E-8,-0.00049236,0E-8,0E-8,0.49186281,27.83736369,USDT
﻿123895319257231,2022-05-30 04:00:00,Spot,XCH-USDT,Buy,0.40000797,XCH,0E-8,-0.00040001,0E-8,0E-8,0.39960796,27.34550087,USDT
﻿123895319257231,2022-05-30 04:00:00,Spot,XCH-USDT,Buy,0.00006824,XCH,0E-8,-7E-8,0E-8,0E-8,0.00006817,26.94589291,USDT
﻿123895319257231,2022-05-30 04:00:00,Spot,XCH-USDT,Sell,0.00000200,XCH,0E-8,0E-8,0E-8,0E-8,-0.00000200,1.58506507,XCH
﻿123895319257231,2022-05-30 04:00:00,Spot,XCH-USDT,Sell,0.01172700,XCH,0E-8,0E-8,0E-8,0E-8,-0.01172700,1.57333807,XCH
﻿123895319257231,2022-05-28 02:00:00,Spot,XCH-BTC,Buy,0.00001067,XCH,0E-8,-1E-8,0E-8,0E-8,0.00001066,0.00004390,BTC
﻿123895319257231,2022-05-28 02:00:00,Spot,XCH-BTC,Sell,0.00930000,XCH,0E-8,0E-8,0E-8,0E-8,-0.00930000,1.58506707,XCH
﻿123895319257231,2022-05-28 02:00:00,Spot,XCH-USDT,Sell,26.47463940,XCH,0E-8,0E-8,0E-8,0E-8,-26.47463940,26.94582474,USDT
﻿123895319257231,2022-05-28 02:00:00,Spot,XCH-USDT,Buy,0.80962200,XCH,0E-8,-0.00080962,0E-8,0E-8,0.80881238,1.59436707,XCH
﻿123895319257231,2022-05-28 02:00:00,Spot,XCH-USDT,Sell,0.00192576,XCH,0E-8,0E-8,0E-8,0E-8,-0.00192576,53.42046414,USDT
﻿123895319257231,2022-05-28 02:00:00,Spot,XCH-USDT,Buy,0.00005900,XCH,0E-8,-6E-8,0E-8,0E-8,0.00005894,0.78555470,XCH
﻿123895319257231,2022-05-27 17:00:00,Spot,XCH-USDT,Sell,3.21380748,XCH,0E-8,0E-8,0E-8,0E-8,-3.21380748,53.42238990,USDT
﻿123895319257231,2022-05-27 17:00:00,Spot,XCH-USDT,Buy,0.04720100,XCH,0E-8,-0.00004720,0E-8,0E-8,0.04715380,0.68988546,XCH
﻿123895319257231,2022-05-27 17:00:00,Spot,XCH-USDT,Sell,1.58500958,XCH,0E-8,0E-8,0E-8,0E-8,-1.58500958,56.63619738,USDT
﻿123895319257231,2022-05-27 17:00:00,Spot,XCH-USDT,Buy,0.09570600,XCH,0E-8,-0.00009571,0E-8,0E-8,0.09561029,0.78549576,XCH
﻿123895319257231,2022-05-27 17:00:00,Spot,XCH-USDT,Sell,6.30225871,XCH,0E-8,0E-8,0E-8,0E-8,-6.30225871,65.82296904,USDT
﻿123895319257231,2022-05-27 17:00:00,Spot,XCH-USDT,Sell,7.77000422,XCH,0E-8,0E-8,0E-8,0E-8,-7.77000422,72.12522775,USDT
﻿123895319257231,2022-05-27 17:00:00,Spot,XCH-USDT,Buy,0.22510400,XCH,0E-8,-0.00022510,0E-8,0E-8,0.22487890,0.64273166,XCH
﻿123895319257231,2022-05-27 17:00:00,Spot,XCH-USDT,Sell,7.60176208,XCH,0E-8,0E-8,0E-8,0E-8,-7.60176208,58.22120696,USDT
﻿123895319257231,2022-05-27 17:00:00,Spot,XCH-USDT,Buy,0.18662300,XCH,0E-8,-0.00018662,0E-8,0E-8,0.18643638,0.41785277,XCH
﻿123895319257231,2022-05-27 17:00:00,Spot,XCH-USDT,Buy,0.23008600,XCH,0E-8,-0.00023009,0E-8,0E-8,0.22985591,0.23141639,XCH
﻿123895319257231,2022-05-27 16:00:00,Spot,XCH-USDT,Buy,12.65773145,XCH,0E-8,-0.01265773,0E-8,0E-8,12.64507372,79.89523197,USDT
﻿123895319257231,2022-05-27 16:00:00,Spot,XCH-USDT,Buy,11.11133569,XCH,0E-8,-0.01111134,0E-8,0E-8,11.10022435,67.25015825,USDT
﻿123895319257231,2022-05-27 16:00:00,Spot,XCH-USDT,Sell,0.37593500,XCH,0E-8,0E-8,0E-8,0E-8,-0.37593500,0.00156048,XCH
﻿123895319257231,2022-05-27 16:00:00,Spot,XCH-USDT,Sell,0.07311400,XCH,0E-8,0E-8,0E-8,0E-8,-0.07311400,0.70750248,XCH
﻿123895319257231,2022-05-27 16:00:00,Spot,XCH-USDT,Buy,2.46247952,XCH,0E-8,-0.00246248,0E-8,0E-8,2.46001704,56.14993390,USDT
﻿123895319257231,2022-05-27 16:00:00,Spot,XCH-USDT,Sell,0.33000700,XCH,0E-8,0E-8,0E-8,0E-8,-0.33000700,0.37749548,XCH
﻿123895319257231,2022-05-27 03:00:00,Spot,XCH-USDT,Sell,26.42307976,XCH,0E-8,0E-8,0E-8,0E-8,-26.42307976,53.68991685,USDT
﻿123895319257231,2022-05-27 03:00:00,Spot,XCH-USDT,Buy,0.77990200,XCH,0E-8,-0.00077990,0E-8,0E-8,0.77912210,0.78061648,XCH
﻿123895319257231,2022-05-26 21:00:00,Spot,XCH-USDT,Sell,0.48297600,XCH,0E-8,0E-8,0E-8,0E-8,-0.48297600,0.26438138,XCH
﻿123895319257231,2022-05-26 21:00:00,Spot,XCH-USDT,Buy,16.84620288,XCH,0E-8,-0.01684620,0E-8,0E-8,16.82935668,70.95529379,USDT
﻿123895319257231,2022-05-26 21:00:00,Spot,XCH-USDT,Buy,9.16686969,XCH,0E-8,-0.00916687,0E-8,0E-8,9.15770282,80.11299661,USDT
﻿123895319257231,2022-05-26 21:00:00,Spot,XCH-USDT,Sell,0.26288700,XCH,0E-8,0E-8,0E-8,0E-8,-0.26288700,0.00149438,XCH
﻿123895319257231,2022-05-26 21:00:00,Spot,XCH-USDT,Sell,0.03191100,XCH,0E-8,0E-8,0E-8,0E-8,-0.03191100,0.74735738,XCH
﻿123895319257231,2022-05-26 21:00:00,Spot,XCH-USDT,Buy,1.11146013,XCH,0E-8,-0.00111146,0E-8,0E-8,1.11034867,54.12593712,USDT
﻿123895319257231,2022-05-26 21:00:00,Spot,XCH-USDT,Buy,0.70801400,XCH,0E-8,-0.00070801,0E-8,0E-8,0.70730599,0.77926838,XCH
﻿123895319257231,2022-05-26 21:00:00,Spot,XCH-USDT,Sell,24.50436454,XCH,0E-8,0E-8,0E-8,0E-8,-24.50436454,53.01558845,USDT
﻿123895319257231,2022-05-26 21:00:00,Spot,XCH-USDT,Buy,0.07109300,XCH,0E-8,-0.00007109,0E-8,0E-8,0.07102191,0.07196239,XCH
﻿123895319257231,2022-05-26 21:00:00,Spot,XCH-USDT,Sell,2.46052873,XCH,0E-8,0E-8,0E-8,0E-8,-2.46052873,77.51995299,USDT
﻿123895319257231,2022-05-26 20:00:00,Spot,XCH-USDT,Buy,16.54960102,XCH,0E-8,-0.01654960,0E-8,0E-8,16.53305142,79.98048172,USDT
﻿123895319257231,2022-05-26 20:00:00,Spot,XCH-USDT,Sell,0.46922600,XCH,0E-8,0E-8,0E-8,0E-8,-0.46922600,0.00094048,XCH
﻿123895319257231,2022-05-26 20:00:00,Spot,APE-USDT,Sell,27.09681590,APE,0E-8,0E-8,0E-8,0E-8,-27.09681590,63.44743030,USDT
﻿123895319257231,2022-05-26 20:00:00,Spot,APE-USDT,Buy,4.06462400,APE,0E-8,-0.00406462,0E-8,0E-8,4.06055938,4.06376909,APE
﻿123895319257231,2022-05-26 18:00:00,Spot,XCH-USDT,Sell,0.08373800,XCH,0E-8,0E-8,0E-8,0E-8,-0.08373800,0.47016648,XCH
﻿123895319257231,2022-05-26 18:00:00,Spot,XCH-USDT,Buy,2.94255332,XCH,0E-8,-0.00294255,0E-8,0E-8,2.93961077,90.54424619,USDT
﻿123895319257231,2022-05-26 18:00:00,Spot,XCH-USDT,Buy,2.94255332,XCH,0E-8,-0.00294255,0E-8,0E-8,2.93961077,87.60463543,USDT
﻿123895319257231,2022-05-26 18:00:00,Spot,XCH-USDT,Sell,0.08373800,XCH,0E-8,0E-8,0E-8,0E-8,-0.08373800,0.55390448,XCH
﻿123895319257231,2022-05-26 18:00:00,Spot,XCH-USDT,Buy,2.94255332,XCH,0E-8,-0.00294255,0E-8,0E-8,2.93961077,84.66502466,USDT
﻿123895319257231,2022-05-26 18:00:00,Spot,XCH-USDT,Sell,0.08373800,XCH,0E-8,0E-8,0E-8,0E-8,-0.08373800,0.63764248,XCH
﻿123895319257231,2022-05-26 18:00:00,Spot,XCH-USDT,Buy,2.94255332,XCH,0E-8,-0.00294255,0E-8,0E-8,2.93961077,81.72541389,USDT
﻿123895319257231,2022-05-26 18:00:00,Spot,XCH-USDT,Sell,0.08373800,XCH,0E-8,0E-8,0E-8,0E-8,-0.08373800,0.72138048,XCH
﻿123895319257231,2022-05-26 15:00:00,Spot,XCH-USDT,Sell,2.68818606,XCH,0E-8,0E-8,0E-8,0E-8,-2.68818606,78.78580313,USDT
﻿123895319257231,2022-05-26 15:00:00,Spot,XCH-USDT,Buy,0.08188200,XCH,0E-8,-0.00008188,0E-8,0E-8,0.08180012,0.80511848,XCH
﻿123895319257231,2022-05-26 15:00:00,Spot,XCH-USDT,Buy,0.12524400,XCH,0E-8,-0.00012524,0E-8,0E-8,0.12511876,0.31812197,XCH
﻿123895319257231,2022-05-26 15:00:00,Spot,XCH-USDT,Sell,8.39101824,XCH,0E-8,0E-8,0E-8,0E-8,-8.39101824,81.47398919,USDT
﻿123895319257231,2022-05-26 15:00:00,Spot,XCH-USDT,Buy,0.25335200,XCH,0E-8,-0.00025335,0E-8,0E-8,0.25309865,0.72331837,XCH
﻿123895319257231,2022-05-26 15:00:00,Spot,XCH-USDT,Sell,5.04252000,XCH,0E-8,0E-8,0E-8,0E-8,-5.04252000,89.86500743,USDT
﻿123895319257231,2022-05-26 15:00:00,Spot,XCH-USDT,Buy,0.15225000,XCH,0E-8,-0.00015225,0E-8,0E-8,0.15209775,0.47021972,XCH
﻿123895319257231,2022-05-26 15:00:00,Spot,XCH-USDT,Sell,4.14808128,XCH,0E-8,0E-8,0E-8,0E-8,-4.14808128,94.90752743,USDT
﻿123895319257231,2022-05-26 15:00:00,Spot,ETH-USDT,Buy,0.01485200,ETH,0E-8,-0.00001485,0E-8,0E-8,0.01483715,0.01484868,ETH
﻿123895319257231,2022-05-26 15:00:00,Spot,ETH-USDT,Sell,26.58923856,ETH,0E-8,0E-8,0E-8,0E-8,-26.58923856,99.05560871,USDT
﻿123895319257231,2022-05-26 13:00:00,Spot,XCH-USDT,Buy,4.05540457,XCH,0E-8,-0.00405540,0E-8,0E-8,4.05134917,125.64484727,USDT
﻿123895319257231,2022-05-26 13:00:00,Spot,XCH-USDT,Sell,0.12109300,XCH,0E-8,0E-8,0E-8,0E-8,-0.12109300,0.19300321,XCH
﻿123895319257231,2022-05-26 13:00:00,Transfer,,Transfer in,0,cont,0E-8,0E-8,0E-8,0E-8,80.30800000,121.59349810,USDT
﻿123895319257231,2022-05-26 10:00:00,Spot,APE-USDT,Sell,1.60204800,APE,0E-8,0E-8,0E-8,0E-8,-1.60204800,0.00320972,APE
﻿123895319257231,2022-05-26 10:00:00,Spot,APE-USDT,Buy,10.53955338,APE,0E-8,-0.01053955,0E-8,0E-8,10.52901383,41.28549810,USDT
﻿123895319257231,2022-05-26 10:00:00,Spot,ETH-USDT,Sell,0.00574600,ETH,0E-8,0E-8,0E-8,0E-8,-0.00574600,0.00001153,ETH
﻿123895319257231,2022-05-26 10:00:00,Spot,ETH-USDT,Buy,10.52173044,ETH,0E-8,-0.01052173,0E-8,0E-8,10.51120871,30.75648427,USDT
﻿123895319257231,2022-05-26 10:00:00,Spot,APE-USDT,Buy,1.60366600,APE,0E-8,-0.00160367,0E-8,0E-8,1.60206233,1.60525772,APE
﻿123895319257231,2022-05-26 10:00:00,Spot,APE-USDT,Sell,10.54875458,APE,0E-8,0E-8,0E-8,0E-8,-10.54875458,20.24527556,USDT
﻿123895319257231,2022-05-26 10:00:00,Spot,ETH-USDT,Buy,0.00575100,ETH,0E-8,-0.00000575,0E-8,0E-8,0.00574525,0.00575753,ETH
﻿123895319257231,2022-05-26 10:00:00,Spot,ETH-USDT,Sell,10.54997946,ETH,0E-8,0E-8,0E-8,0E-8,-10.54997946,30.79403015,USDT
﻿123895319257231,2022-05-26 10:00:00,Spot,ETH-USDT,Sell,0.00570300,ETH,0E-8,0E-8,0E-8,0E-8,-0.00570300,0.00001228,ETH
﻿123895319257231,2022-05-26 10:00:00,Spot,ETH-USDT,Buy,10.53760419,ETH,0E-8,-0.01053760,0E-8,0E-8,10.52706659,41.34400961,USDT
﻿123895319257231,2022-05-26 10:00:00,Spot,APE-USDT,Sell,1.59509000,APE,0E-8,0E-8,0E-8,0E-8,-1.59509000,0.00319538,APE
﻿123895319257231,2022-05-26 10:00:00,Spot,APE-USDT,Buy,10.60288225,APE,0E-8,-0.01060288,0E-8,0E-8,10.59227937,30.81694302,USDT
﻿123895319257231,2022-05-26 10:00:00,Spot,APE-USDT,Buy,1.59684100,APE,0E-8,-0.00159684,0E-8,0E-8,1.59524416,1.59828538,APE
﻿123895319257231,2022-05-26 10:00:00,Spot,APE-USDT,Sell,10.55831269,APE,0E-8,0E-8,0E-8,0E-8,-10.55831269,20.22466365,USDT
﻿123895319257231,2022-05-26 10:00:00,Spot,ETH-USDT,Buy,0.00447500,ETH,0E-8,-0.00000448,0E-8,0E-8,0.00447053,0.00571528,ETH
﻿123895319257231,2022-05-26 10:00:00,Spot,ETH-USDT,Sell,8.27069500,ETH,0E-8,0E-8,0E-8,0E-8,-8.27069500,30.78297635,USDT
﻿123895319257231,2022-05-26 10:00:00,Spot,APE-USDT,Buy,10.06106795,APE,0E-8,-0.01006107,0E-8,0E-8,10.05100688,39.05367135,USDT
﻿123895319257231,2022-05-26 10:00:00,Spot,APE-USDT,Sell,1.51805600,APE,0E-8,0E-8,0E-8,0E-8,-1.51805600,0.00304122,APE
﻿123895319257231,2022-05-24 16:00:00,Spot,APE-USDT,Buy,1.51957400,APE,0E-8,-0.00151957,0E-8,0E-8,1.51805443,1.52109722,APE
﻿123895319257231,2022-05-24 16:00:00,Spot,APE-USDT,Sell,10.81161705,APE,0E-8,0E-8,0E-8,0E-8,-10.81161705,29.00266447,USDT
﻿123895319257231,2022-05-24 16:00:00,Spot,APE-USDT,Sell,1.51898100,APE,0E-8,0E-8,0E-8,0E-8,-1.51898100,0.00304280,APE
﻿123895319257231,2022-05-24 16:00:00,Spot,APE-USDT,Buy,10.73038558,APE,0E-8,-0.01073039,0E-8,0E-8,10.71965519,39.81428152,USDT
﻿123895319257231,2022-05-24 16:00:00,Spot,XCH-USDT,Buy,0.31379400,XCH,0E-8,-0.00031379,0E-8,0E-8,0.31348021,0.31409621,XCH
﻿123895319257231,2022-05-24 16:00:00,Spot,XCH-USDT,Sell,10.76941008,XCH,0E-8,0E-8,0E-8,0E-8,-10.76941008,29.09462633,USDT
﻿123895319257231,2022-05-24 15:00:00,Spot,APE-USDT,Sell,10.77891791,APE,0E-8,0E-8,0E-8,0E-8,-10.77891791,39.86403641,USDT
﻿123895319257231,2022-05-24 15:00:00,Spot,APE-USDT,Buy,1.51884200,APE,0E-8,-0.00151884,0E-8,0E-8,1.51732316,1.52202380,APE
﻿123895319257231,2022-05-24 15:00:00,Spot,APE-USDT,Buy,16.72567159,APE,0E-8,-0.01672567,0E-8,0E-8,16.70894592,50.64295431,USDT
﻿123895319257231,2022-05-24 15:00:00,Spot,APE-USDT,Sell,2.34677100,APE,0E-8,0E-8,0E-8,0E-8,-2.34677100,0.00470064,APE
﻿123895319257231,2022-05-22 18:00:00,Spot,XCH-USDT,Sell,0.00438800,XCH,0E-8,0E-8,0E-8,0E-8,-0.00438800,0.30336401,XCH
﻿123895319257231,2022-05-22 18:00:00,Spot,XCH-USDT,Buy,0.16305808,XCH,0E-8,-0.00016306,0E-8,0E-8,0.16289502,22.69514282,USDT
﻿123895319257231,2022-05-22 18:00:00,Spot,XCH-USDT,Sell,0.18690200,XCH,0E-8,0E-8,0E-8,0E-8,-0.18690200,0.11646201,XCH
﻿123895319257231,2022-05-22 18:00:00,Spot,XCH-USDT,Buy,6.94527832,XCH,0E-8,-0.00694528,0E-8,0E-8,6.93833304,29.63347587,USDT
﻿123895319257231,2022-05-22 18:00:00,Spot,XCH-USDT,Sell,0.11584600,XCH,0E-8,0E-8,0E-8,0E-8,-0.11584600,0.00061601,XCH
﻿123895319257231,2022-05-22 18:00:00,Spot,XCH-USDT,Buy,4.30483736,XCH,0E-8,-0.00430484,0E-8,0E-8,4.30053252,33.93400839,USDT
﻿123895319257231,2022-05-22 10:00:00,Spot,XCH-USDT,Sell,11.14473625,XCH,0E-8,0E-8,0E-8,0E-8,-11.14473625,22.53224780,USDT
﻿123895319257231,2022-05-22 10:00:00,Spot,XCH-USDT,Buy,0.30744100,XCH,0E-8,-0.00030744,0E-8,0E-8,0.30713356,0.30775201,XCH
﻿123895319257231,2022-05-21 20:00:00,Spot,XCH-USDT,Sell,0.30843700,XCH,0E-8,0E-8,0E-8,0E-8,-0.30843700,0.00061845,XCH
﻿123895319257231,2022-05-21 20:00:00,Spot,XCH-USDT,Buy,11.17158814,XCH,0E-8,-0.01117159,0E-8,0E-8,11.16041655,33.67698405,USDT
﻿123895319257231,2022-05-21 14:00:00,Spot,XCH-USDT,Buy,0.30876600,XCH,0E-8,-0.00030877,0E-8,0E-8,0.30845723,0.30905545,XCH
﻿123895319257231,2022-05-21 14:00:00,Spot,XCH-USDT,Sell,10.99206960,XCH,0E-8,0E-8,0E-8,0E-8,-10.99206960,22.51656750,USDT
﻿123895319257231,2022-05-21 08:00:00,Spot,XCH-USDT,Sell,0.29862400,XCH,0E-8,0E-8,0E-8,0E-8,-0.29862400,0.00059821,XCH
﻿123895319257231,2022-05-21 08:00:00,Spot,XCH-USDT,Buy,10.90873472,XCH,0E-8,-0.01090873,0E-8,0E-8,10.89782599,33.50863710,USDT
﻿123895319257231,2022-05-21 04:00:00,Spot,XCH-USDT,Buy,0.29892900,XCH,0E-8,-0.00029893,0E-8,0E-8,0.29863007,0.29922221,XCH
﻿123895319257231,2022-05-21 04:00:00,Spot,XCH-USDT,Sell,10.98265146,XCH,0E-8,0E-8,0E-8,0E-8,-10.98265146,22.61081112,USDT
﻿123895319257231,2022-05-20 12:00:00,Spot,XCH-USDT,Sell,0.29517700,XCH,0E-8,0E-8,0E-8,0E-8,-0.29517700,0.00059214,XCH
﻿123895319257231,2022-05-20 12:00:00,Spot,XCH-USDT,Buy,11.26395432,XCH,0E-8,-0.01126395,0E-8,0E-8,11.25269037,33.59346258,USDT
﻿123895319257231,2022-05-20 11:00:00,Spot,XCH-USDT,Buy,0.29547100,XCH,0E-8,-0.00029547,0E-8,0E-8,0.29517553,0.29576914,XCH
﻿123895319257231,2022-05-20 11:00:00,Spot,XCH-USDT,Sell,11.12743786,XCH,0E-8,0E-8,0E-8,0E-8,-11.12743786,22.34077221,USDT
﻿123895319257231,2022-05-20 10:00:00,Spot,XCH-USDT,Sell,0.29590700,XCH,0E-8,0E-8,0E-8,0E-8,-0.29590700,0.00059361,XCH
﻿123895319257231,2022-05-20 10:00:00,Spot,XCH-USDT,Buy,11.21191623,XCH,0E-8,-0.01121192,0E-8,0E-8,11.20070431,33.46821007,USDT
﻿123895319257231,2022-05-20 10:00:00,Spot,XCH-USDT,Buy,0.12007200,XCH,0E-8,-0.00012007,0E-8,0E-8,0.11995193,0.12092736,XCH
﻿123895319257231,2022-05-20 10:00:00,Spot,XCH-USDT,Sell,6.21212260,XCH,0E-8,0E-8,0E-8,0E-8,-6.21212260,22.26750576,USDT
﻿123895319257231,2022-05-20 10:00:00,Spot,XCH-USDT,Buy,0.16574500,XCH,0E-8,-0.00016575,0E-8,0E-8,0.16557926,0.29650061,XCH
﻿123895319257231,2022-05-20 10:00:00,Spot,XCH-USDT,Sell,0.37444972,XCH,0E-8,0E-8,0E-8,0E-8,-0.37444972,28.47962836,USDT
﻿123895319257231,2022-05-20 10:00:00,Spot,XCH-USDT,Buy,0.01000400,XCH,0E-8,-0.00001000,0E-8,0E-8,0.00999400,0.13092136,XCH
﻿123895319257231,2022-05-20 10:00:00,Spot,XCH-USDT,Sell,4.49069280,XCH,0E-8,0E-8,0E-8,0E-8,-4.49069280,28.85407808,USDT
﻿123895319257231,2022-05-20 01:00:00,Spot,XCH-USDT,Buy,6.35593179,XCH,0E-8,-0.00635593,0E-8,0E-8,6.34957586,21.29403122,USDT
﻿123895319257231,2022-05-20 01:00:00,Spot,XCH-USDT,Sell,0.31895300,XCH,0E-8,0E-8,0E-8,0E-8,-0.31895300,0.00097543,XCH
﻿123895319257231,2022-05-20 01:00:00,Spot,XCH-USDT,Buy,12.06280246,XCH,0E-8,-0.01206280,0E-8,0E-8,12.05073966,33.34477088,USDT
﻿123895319257231,2022-05-20 01:00:00,Spot,XCH-USDT,Sell,0.16801300,XCH,0E-8,0E-8,0E-8,0E-8,-0.16801300,0.31992843,XCH
﻿123895319257231,2022-05-19 19:00:00,Spot,BTC-USDT,Buy,0.00003327,BTC,0E-8,-3E-8,0E-8,0E-8,0.00003324,0.00003324,BTC
﻿123895319257231,2022-05-19 19:00:00,Spot,BTC-USDT,Sell,0.99996312,BTC,0E-8,0E-8,0E-8,0E-8,-0.99996312,14.94445536,USDT
﻿123895319257231,2022-05-19 19:00:00,Spot,ETH-USDT,Sell,2.49816770,ETH,0E-8,0E-8,0E-8,0E-8,-2.49816770,15.94441848,USDT
﻿123895319257231,2022-05-19 19:00:00,Spot,ETH-USDT,Buy,0.00124600,ETH,0E-8,-0.00000125,0E-8,0E-8,0.00124475,0.00124475,ETH
﻿123895319257231,2022-05-19 06:00:00,Spot,APE-USDT,Buy,18.44273960,APE,0E-8,-0.01844274,0E-8,0E-8,18.42429686,18.44258618,USDT
﻿123895319257231,2022-05-19 06:00:00,Spot,APE-USDT,Sell,2.30791000,APE,0E-8,0E-8,0E-8,0E-8,-2.30791000,2.35147164,APE
﻿123895319257231,2022-05-19 03:00:00,Spot,APE-USDT,Sell,18.03436784,APE,0E-8,0E-8,0E-8,0E-8,-18.03436784,0.01828932,USDT
﻿123895319257231,2022-05-19 03:00:00,Spot,APE-USDT,Buy,2.33533200,APE,0E-8,-0.00233533,0E-8,0E-8,2.33299667,4.65938164,APE
﻿123895319257231,2022-05-19 03:00:00,Spot,APE-USDT,Sell,17.89483589,APE,0E-8,0E-8,0E-8,0E-8,-17.89483589,18.05265716,USDT
﻿123895319257231,2022-05-19 03:00:00,Spot,APE-USDT,Buy,2.31591400,APE,0E-8,-0.00231591,0E-8,0E-8,2.31359809,2.32638497,APE
﻿123895319257231,2022-05-19 03:00:00,Spot,XCH-USDT,Buy,0.48825200,XCH,0E-8,-0.00048825,0E-8,0E-8,0.48776375,0.48794143,XCH
﻿123895319257231,2022-05-19 03:00:00,Spot,XCH-USDT,Sell,18.00673376,XCH,0E-8,0E-8,0E-8,0E-8,-18.00673376,35.94749304,USDT
﻿123895319257231,2022-05-18 19:00:00,Spot,APE-USDT,Sell,6.38352900,APE,0E-8,0E-8,0E-8,0E-8,-6.38352900,0.01278689,APE
﻿123895319257231,2022-05-18 19:00:00,Spot,APE-USDT,Buy,50.52946215,APE,0E-8,-0.05052946,0E-8,0E-8,50.47893269,53.95422680,USDT
﻿123895319257231,2022-05-18 06:00:00,Spot,XCH-USDT,Sell,0.08868800,XCH,0E-8,0E-8,0E-8,0E-8,-0.08868800,0.00017769,XCH
﻿123895319257231,2022-05-18 06:00:00,Spot,XCH-USDT,Buy,3.38876848,XCH,0E-8,-0.00338877,0E-8,0E-8,3.38537971,3.47529411,USDT
﻿123895319257231,2022-05-18 05:00:00,Spot,APE-USDT,Buy,4.21312600,APE,0E-8,-0.00421313,0E-8,0E-8,4.20891287,6.39631589,APE
﻿123895319257231,2022-05-18 05:00:00,Spot,APE-USDT,Sell,35.47452092,APE,0E-8,0E-8,0E-8,0E-8,-35.47452092,0.08991440,USDT
﻿123895319257231,2022-05-17 15:00:00,Spot,APE-USDT,Buy,2.18503400,APE,0E-8,-0.00218503,0E-8,0E-8,2.18284897,2.18740301,APE
﻿123895319257231,2022-05-17 15:00:00,Spot,APE-USDT,Sell,19.47324151,APE,0E-8,0E-8,0E-8,0E-8,-19.47324151,35.56443532,USDT
﻿123895319257231,2022-05-17 13:00:00,Spot,XCH-USDT,Sell,3.37933728,XCH,0E-8,0E-8,0E-8,0E-8,-3.37933728,55.03767683,USDT
﻿123895319257231,2022-05-17 13:00:00,Spot,XCH-USDT,Buy,0.08791200,XCH,0E-8,-0.00008791,0E-8,0E-8,0.08782409,0.08886569,XCH
﻿123895319257231,2022-05-17 03:00:00,Spot,APE-USDT,Sell,2.27352000,APE,0E-8,0E-8,0E-8,0E-8,-2.27352000,0.00455405,APE
﻿123895319257231,2022-05-17 03:00:00,Spot,APE-USDT,Buy,19.35743134,APE,0E-8,-0.01935743,0E-8,0E-8,19.33807390,58.41701411,USDT
﻿123895319257231,2022-05-16 12:00:00,Spot,XCH-USDT,Buy,19.51617600,XCH,0E-8,-0.01951618,0E-8,0E-8,19.49665982,39.07894021,USDT
﻿123895319257231,2022-05-16 12:00:00,Spot,XCH-USDT,Sell,0.51960000,XCH,0E-8,0E-8,0E-8,0E-8,-0.51960000,0.00104160,XCH
﻿123895319257231,2022-05-15 17:00:00,Spot,APE-USDT,Buy,1.27995400,APE,0E-8,-0.00127995,0E-8,0E-8,1.27867405,2.27807405,APE
﻿123895319257231,2022-05-15 17:00:00,Spot,APE-USDT,Sell,10.63872166,APE,0E-8,0E-8,0E-8,0E-8,-10.63872166,19.58228038,USDT
﻿123895319257231,2022-05-15 14:00:00,Spot,XCH-USDT,Buy,0.01298100,XCH,0E-8,-0.00001298,0E-8,0E-8,0.01296802,0.52064160,XCH
﻿123895319257231,2022-05-15 14:00:00,Spot,XCH-USDT,Sell,0.50483109,XCH,0E-8,0E-8,0E-8,0E-8,-0.50483109,30.22100204,USDT
﻿123895319257231,2022-05-15 13:00:00,Spot,XCH-USDT,Buy,0.07480000,XCH,0E-8,-0.00007480,0E-8,0E-8,0.07472520,0.50767358,XCH
﻿123895319257231,2022-05-15 13:00:00,Spot,XCH-USDT,Sell,2.88877600,XCH,0E-8,0E-8,0E-8,0E-8,-2.88877600,30.72583313,USDT
﻿123895319257231,2022-05-15 01:00:00,Spot,XCH-USDT,Sell,0.49999350,XCH,0E-8,0E-8,0E-8,0E-8,-0.49999350,33.61460913,USDT
﻿123895319257231,2022-05-15 01:00:00,Spot,XCH-USDT,Buy,0.01297000,XCH,0E-8,-0.00001038,0E-8,0E-8,0.01295962,0.43294838,XCH
﻿123895319257231,2022-04-25 20:00:00,Spot,APE-USDT,Sell,18.13660000,APE,0E-8,0E-8,0E-8,0E-8,-18.13660000,34.11460263,USDT
﻿123895319257231,2022-04-25 20:00:00,Spot,APE-USDT,Buy,1.00000000,APE,0E-8,-0.00060000,0E-8,0E-8,0.99940000,0.99940000,APE
﻿123895319257231,2022-04-25 20:00:00,Transfer,,Transfer in,0,cont,0E-8,0E-8,0E-8,0E-8,47.52000000,52.25120263,USDT
﻿123895319257231,2022-04-25 20:00:00,Transfer,,Transfer in,0,cont,0E-8,0E-8,0E-8,0E-8,0.34500000,0.41998876,XCH
﻿123895319257231,2022-04-21 21:00:00,Spot,XCH-USDT,Buy,0.01990000,XCH,0E-8,-0.00001194,0E-8,0E-8,0.01988806,0.07498876,XCH
﻿123895319257231,2022-04-21 21:00:00,Spot,XCH-USDT,Sell,1.31618600,XCH,0E-8,0E-8,0E-8,0E-8,-1.31618600,4.73120263,USDT
﻿123895319257231,2022-04-21 21:00:00,Spot,XCH-USDT,Sell,0.00001100,XCH,0E-8,0E-8,0E-8,0E-8,-0.00001100,0.07028970,XCH
﻿123895319257231,2022-04-21 21:00:00,Spot,XCH-USDT,Buy,0.00073018,XCH,0E-8,-4.4E-7,0E-8,0E-8,0.00072974,5.04015170,USDT
﻿123895319257231,2022-04-21 21:00:00,Spot,XCH-USDT,Sell,0.01016900,XCH,0E-8,0E-8,0E-8,0E-8,-0.01016900,0.06012070,XCH
﻿123895319257231,2022-04-21 21:00:00,Spot,XCH-USDT,Buy,0.67481484,XCH,0E-8,-0.00040489,0E-8,0E-8,0.67440995,5.71456165,USDT
﻿123895319257231,2022-04-21 21:00:00,Spot,XCH-USDT,Sell,0.00502000,XCH,0E-8,0E-8,0E-8,0E-8,-0.00502000,0.05510070,XCH
﻿123895319257231,2022-04-21 21:00:00,Spot,XCH-USDT,Buy,0.33302680,XCH,0E-8,-0.00019982,0E-8,0E-8,0.33282698,6.04738863,USDT
﻿123895319257231,2022-04-21 21:00:00,Spot,XCH-USDT,Sell,0.01520000,XCH,0E-8,0E-8,0E-8,0E-8,-0.01520000,0.07030070,XCH
﻿123895319257231,2022-04-21 21:00:00,Spot,XCH-USDT,Buy,1.01034400,XCH,0E-8,-0.00060621,0E-8,0E-8,1.00973779,5.03942195,USDT
﻿123895319257231,2022-04-21 20:00:00,Spot,XCH-USDT,Sell,0.69997634,XCH,0E-8,0E-8,0E-8,0E-8,-0.69997634,4.02968416,USDT
﻿123895319257231,2022-04-21 20:00:00,Spot,XCH-USDT,Buy,0.01050700,XCH,0E-8,-0.00000630,0E-8,0E-8,0.01050070,0.08550070,XCH
﻿123895319257231,2022-04-15 21:00:00,Spot,XCH-USDT,Sell,0.07500000,XCH,0E-8,0E-8,0E-8,0E-8,-0.07500000,0.07500000,XCH
﻿123895319257231,2022-04-15 21:00:00,Spot,XCH-USDT,Buy,4.73250000,XCH,0E-8,-0.00283950,0E-8,0E-8,4.72966050,4.72966050,USDT
﻿123895319257231,2022-04-15 20:00:00,Transfer,,Transfer in,0,cont,0E-8,0E-8,0E-8,0E-8,0.15000000,0.15000000,XCH
